,Mean,STDEV.P
Compund A,0.385106639,0.061782338
Compund B,0.254467235,2.149885702
Compund C,-0.025738213,0.552213694
Compund D,-0.003061771,0.539508914
Compund E,3.002095811,15.12165646
Compund F,-7.64E-05,0.015684641
Compund G,0.000285127,0.013165633
Compund H,0.000693357,0.006592014
Compund I,-0.00084027,0.006243306
